{
  "baseline": {
    "iters_p50": 10.0,
    "iters_p90": 11.0,
    "time_p50": 0.0028324127197265625,
    "time_p90": 0.0035183906555175783
  },
  "n_ok_warm": 600,
  "n_seen": 600,
  "speedup_p50": 0.9846663903854124,
  "warm": {
    "iters_p50": 10.0,
    "iters_p90": 11.0,
    "time_p50": 0.0028765201568603516,
    "time_p90": 0.0035361766815185545
  }
}