{
  "baseline": {
    "iters_p50": 10.0,
    "iters_p90": 11.0,
    "time_p50": 0.0017609596252441406,
    "time_p90": 0.0019659996032714844
  },
  "n_ok_warm": 1000,
  "n_seen": 1000,
  "speedup_p50": 0.9910103314101704,
  "warm": {
    "iters_p50": 10.0,
    "iters_p90": 11.0,
    "time_p50": 0.0017769336700439453,
    "time_p90": 0.001998138427734375
  }
}