{
  "baseline": {
    "iters_p50": 10.0,
    "iters_p90": 11.0,
    "time_p50": 0.0017474889755249023,
    "time_p90": 0.0019629240036010743
  },
  "n_ok_warm": 1000,
  "n_seen": 1000,
  "speedup_p50": 0.9923503926347144,
  "warm": {
    "iters_p50": 10.0,
    "iters_p90": 11.0,
    "time_p50": 0.0017609596252441406,
    "time_p90": 0.0019711017608642577
  }
}